Workbook

Sheet Instruções
B2: PLANILHA DE CUSTO DE FUNCIONÁRIOS POR CARGO
B3: Gestor Certo · Grupo Gestor — Escritório de Contabilidade
B6: Como usar:
B7: 1) Na aba FUNCIONÁRIOS, defina RAT (%) e Terceiros (%) no topo (usados para quem não é Simples).
B8: 2) Cadastre um funcionário por linha: Cargo, Nome, Regime (escreva 'Simples' ou 'Presumido'), Salário, Comissões, VT, VR e o desconto do VR.
B9: 3) A coluna 'Custo total mensal' calcula sozinha cada linha.
B10: 4) Na aba RESUMO POR CARGO, escreva os cargos que você usou — ela soma a quantidade e o custo total de cada cargo automaticamente.
B12: O que entra no custo:
B13: • Remuneração (salário + comissões).
B14: • INSS patronal 20% + RAT + Terceiros — só quando o Regime não é 'Simples'.
B15: • FGTS 8% (sempre), provisões de 13º e férias + 1/3 (com encargos) e provisão da multa de 40% do FGTS.
B16: • VT (descontado até 6% do salário) e VR (descontado conforme a coluna).
... B19: Valores ilustrativos — a folha real depende da convenção coletiva e de adicionais. Gestor Certo: (11) 91404-0532.

Sheet Funcionários
A1: CUSTO DE FUNCIONÁRIOS — UM POR LINHA
A2: RAT (%): | B2: 0.02 | C2: Terceiros (%): | D2: 0.058 | F2: No Regime, escreva 'Simples' ou 'Presumido'
A4: Cargo | B4: Nome | C4: Regime | D4: Salário | E4: Comissões | F4: VT (mês) | G4: VR (mês) | H4: Desc. VR (%) | I4: Custo total mensal
A5: Vendedor | B5: Ana | C5: Simples | D5: 2000 | E5: 800 | F5: 250 | G5: 500 | H5: 0.2 | I5: =IF(D5="","",(D5+E5)+(D5+E5)*IF(UPPER(C5)="SIMPLES",0,0.2+$B$2+$D$2)+(D5+E5)*0.08+((D5+E5)/12+(D5+E5)*4/3/12)+((D5+E5)/12+(D5+E5)*4/3/12)*IF(UPPER(C5)="SIMPLES",0,0.2+$B$2+$D$2)+((D5+E5)/12+(D5+E5)*4/3/12)*0.08+0.4*0.08*((D5+E5)+((D5+E5)/12+(D5+E5)*4/3/12))+(F5-MIN(F5,0.06*D5))+(G5-G5*H5))
A6: Vendedor | B6: Bruno | C6: Simples | D6: 2000 | E6: 500 | F6: 250 | G6: 500 | H6: 0.2 | I6: =IF(D6="","",(D6+E6)+(D6+E6)*IF(UPPER(C6)="SIMPLES",0,0.2+$B$2+$D$2)+(D6+E6)*0.08+((D6+E6)/12+(D6+E6)*4/3/12)+((D6+E6)/12+(D6+E6)*4/3/12)*IF(UPPER(C6)="SIMPLES",0,0.2+$B$2+$D$2)+((D6+E6)/12+(D6+E6)*4/3/12)*0.08+0.4*0.08*((D6+E6)+((D6+E6)/12+(D6+E6)*4/3/12))+(F6-MIN(F6,0.06*D6))+(G6-G6*H6))
A7: Gerente | B7: Carla | C7: Presumido | D7: 6000 | E7: 0 | F7: 0 | G7: 800 | H7: 0.2 | I7: =IF(D7="","",(D7+E7)+(D7+E7)*IF(UPPER(C7)="SIMPLES",0,0.2+$B$2+$D$2)+(D7+E7)*0.08+((D7+E7)/12+(D7+E7)*4/3/12)+((D7+E7)/12+(D7+E7)*4/3/12)*IF(UPPER(C7)="SIMPLES",0,0.2+$B$2+$D$2)+((D7+E7)/12+(D7+E7)*4/3/12)*0.08+0.4*0.08*((D7+E7)+((D7+E7)/12+(D7+E7)*4/3/12))+(F7-MIN(F7,0.06*D7))+(G7-G7*H7))
I8: =IF(D8="","",(D8+E8)+(D8+E8)*IF(UPPER(C8)="SIMPLES",0,0.2+$B$2+$D$2)+(D8+E8)*0.08+((D8+E8)/12+(D8+E8)*4/3/12)+((D8+E8)/12+(D8+E8)*4/3/12)*IF(UPPER(C8)="SIMPLES",0,0.2+$B$2+$D$2)+((D8+E8)/12+(D8+E8)*4/3/12)*0.08+0.4*0.08*((D8+E8)+((D8+E8)/12+(D8+E8)*4/3/12))+(F8-MIN(F8,0.06*D8))+(G8-G8*H8))
I9: =IF(D9="","",(D9+E9)+(D9+E9)*IF(UPPER(C9)="SIMPLES",0,0.2+$B$2+$D$2)+(D9+E9)*0.08+((D9+E9)/12+(D9+E9)*4/3/12)+((D9+E9)/12+(D9+E9)*4/3/12)*IF(UPPER(C9)="SIMPLES",0,0.2+$B$2+$D$2)+((D9+E9)/12+(D9+E9)*4/3/12)*0.08+0.4*0.08*((D9+E9)+((D9+E9)/12+(D9+E9)*4/3/12))+(F9-MIN(F9,0.06*D9))+(G9-G9*H9))
I10: =IF(D10="","",(D10+E10)+(D10+E10)*IF(UPPER(C10)="SIMPLES",0,0.2+$B$2+$D$2)+(D10+E10)*0.08+((D10+E10)/12+(D10+E10)*4/3/12)+((D10+E10)/12+(D10+E10)*4/3/12)*IF(UPPER(C10)="SIMPLES",0,0.2+$B$2+$D$2)+((D10+E10)/12+(D10+E10)*4/3/12)*0.08+0.4*0.08*((D10+E10)+((D10+E10)/12+(D10+E10)*4/3/12))+(F10-MIN(F10,0.06*D10))+(G10-G10*H10))
I11: =IF(D11="","",(D11+E11)+(D11+E11)*IF(UPPER(C11)="SIMPLES",0,0.2+$B$2+$D$2)+(D11+E11)*0.08+((D11+E11)/12+(D11+E11)*4/3/12)+((D11+E11)/12+(D11+E11)*4/3/12)*IF(UPPER(C11)="SIMPLES",0,0.2+$B$2+$D$2)+((D11+E11)/12+(D11+E11)*4/3/12)*0.08+0.4*0.08*((D11+E11)+((D11+E11)/12+(D11+E11)*4/3/12))+(F11-MIN(F11,0.06*D11))+(G11-G11*H11))
I12: =IF(D12="","",(D12+E12)+(D12+E12)*IF(UPPER(C12)="SIMPLES",0,0.2+$B$2+$D$2)+(D12+E12)*0.08+((D12+E12)/12+(D12+E12)*4/3/12)+((D12+E12)/12+(D12+E12)*4/3/12)*IF(UPPER(C12)="SIMPLES",0,0.2+$B$2+$D$2)+((D12+E12)/12+(D12+E12)*4/3/12)*0.08+0.4*0.08*((D12+E12)+((D12+E12)/12+(D12+E12)*4/3/12))+(F12-MIN(F12,0.06*D12))+(G12-G12*H12))
I13: =IF(D13="","",(D13+E13)+(D13+E13)*IF(UPPER(C13)="SIMPLES",0,0.2+$B$2+$D$2)+(D13+E13)*0.08+((D13+E13)/12+(D13+E13)*4/3/12)+((D13+E13)/12+(D13+E13)*4/3/12)*IF(UPPER(C13)="SIMPLES",0,0.2+$B$2+$D$2)+((D13+E13)/12+(D13+E13)*4/3/12)*0.08+0.4*0.08*((D13+E13)+((D13+E13)/12+(D13+E13)*4/3/12))+(F13-MIN(F13,0.06*D13))+(G13-G13*H13))
I14: =IF(D14="","",(D14+E14)+(D14+E14)*IF(UPPER(C14)="SIMPLES",0,0.2+$B$2+$D$2)+(D14+E14)*0.08+((D14+E14)/12+(D14+E14)*4/3/12)+((D14+E14)/12+(D14+E14)*4/3/12)*IF(UPPER(C14)="SIMPLES",0,0.2+$B$2+$D$2)+((D14+E14)/12+(D14+E14)*4/3/12)*0.08+0.4*0.08*((D14+E14)+((D14+E14)/12+(D14+E14)*4/3/12))+(F14-MIN(F14,0.06*D14))+(G14-G14*H14))
I15: =IF(D15="","",(D15+E15)+(D15+E15)*IF(UPPER(C15)="SIMPLES",0,0.2+$B$2+$D$2)+(D15+E15)*0.08+((D15+E15)/12+(D15+E15)*4/3/12)+((D15+E15)/12+(D15+E15)*4/3/12)*IF(UPPER(C15)="SIMPLES",0,0.2+$B$2+$D$2)+((D15+E15)/12+(D15+E15)*4/3/12)*0.08+0.4*0.08*((D15+E15)+((D15+E15)/12+(D15+E15)*4/3/12))+(F15-MIN(F15,0.06*D15))+(G15-G15*H15))
I16: =IF(D16="","",(D16+E16)+(D16+E16)*IF(UPPER(C16)="SIMPLES",0,0.2+$B$2+$D$2)+(D16+E16)*0.08+((D16+E16)/12+(D16+E16)*4/3/12)+((D16+E16)/12+(D16+E16)*4/3/12)*IF(UPPER(C16)="SIMPLES",0,0.2+$B$2+$D$2)+((D16+E16)/12+(D16+E16)*4/3/12)*0.08+0.4*0.08*((D16+E16)+((D16+E16)/12+(D16+E16)*4/3/12))+(F16-MIN(F16,0.06*D16))+(G16-G16*H16))
I17: =IF(D17="","",(D17+E17)+(D17+E17)*IF(UPPER(C17)="SIMPLES",0,0.2+$B$2+$D$2)+(D17+E17)*0.08+((D17+E17)/12+(D17+E17)*4/3/12)+((D17+E17)/12+(D17+E17)*4/3/12)*IF(UPPER(C17)="SIMPLES",0,0.2+$B$2+$D$2)+((D17+E17)/12+(D17+E17)*4/3/12)*0.08+0.4*0.08*((D17+E17)+((D17+E17)/12+(D17+E17)*4/3/12))+(F17-MIN(F17,0.06*D17))+(G17-G17*H17))
I18: =IF(D18="","",(D18+E18)+(D18+E18)*IF(UPPER(C18)="SIMPLES",0,0.2+$B$2+$D$2)+(D18+E18)*0.08+((D18+E18)/12+(D18+E18)*4/3/12)+((D18+E18)/12+(D18+E18)*4/3/12)*IF(UPPER(C18)="SIMPLES",0,0.2+$B$2+$D$2)+((D18+E18)/12+(D18+E18)*4/3/12)*0.08+0.4*0.08*((D18+E18)+((D18+E18)/12+(D18+E18)*4/3/12))+(F18-MIN(F18,0.06*D18))+(G18-G18*H18))
I19: =IF(D19="","",(D19+E19)+(D19+E19)*IF(UPPER(C19)="SIMPLES",0,0.2+$B$2+$D$2)+(D19+E19)*0.08+((D19+E19)/12+(D19+E19)*4/3/12)+((D19+E19)/12+(D19+E19)*4/3/12)*IF(UPPER(C19)="SIMPLES",0,0.2+$B$2+$D$2)+((D19+E19)/12+(D19+E19)*4/3/12)*0.08+0.4*0.08*((D19+E19)+((D19+E19)/12+(D19+E19)*4/3/12))+(F19-MIN(F19,0.06*D19))+(G19-G19*H19))
... I34: =IF(D34="","",(D34+E34)+(D34+E34)*IF(UPPER(C34)="SIMPLES",0,0.2+$B$2+$D$2)+(D34+E34)*0.08+((D34+E34)/12+(D34+E34)*4/3/12)+((D34+E34)/12+(D34+E34)*4/3/12)*IF(UPPER(C34)="SIMPLES",0,0.2+$B$2+$D$2)+((D34+E34)/12+(D34+E34)*4/3/12)*0.08+0.4*0.08*((D34+E34)+((D34+E34)/12+(D34+E34)*4/3/12))+(F34-MIN(F34,0.06*D34))+(G34-G34*H34))
C35: TOTAL | D35: =COUNT(D5:D34) | H35: Funcionários: | I35: =SUM(I5:I34)

Sheet Resumo por Cargo
A1: RESUMO POR CARGO
A3: Cargo | B3: Funcionários | C3: Custo total/mês | D3: Custo médio
A4: Vendedor | B4: =IF(A4="","",COUNTIF(Funcionários!$A$5:$A$34,A4)) | C4: =IF(A4="","",SUMIF(Funcionários!$A$5:$A$34,A4,Funcionários!$I$5:$I$34)) | D4: =IF(OR(A4="",B4=0),"",C4/B4)
A5: Gerente | B5: =IF(A5="","",COUNTIF(Funcionários!$A$5:$A$34,A5)) | C5: =IF(A5="","",SUMIF(Funcionários!$A$5:$A$34,A5,Funcionários!$I$5:$I$34)) | D5: =IF(OR(A5="",B5=0),"",C5/B5)
B6: =IF(A6="","",COUNTIF(Funcionários!$A$5:$A$34,A6)) | C6: =IF(A6="","",SUMIF(Funcionários!$A$5:$A$34,A6,Funcionários!$I$5:$I$34)) | D6: =IF(OR(A6="",B6=0),"",C6/B6)
B7: =IF(A7="","",COUNTIF(Funcionários!$A$5:$A$34,A7)) | C7: =IF(A7="","",SUMIF(Funcionários!$A$5:$A$34,A7,Funcionários!$I$5:$I$34)) | D7: =IF(OR(A7="",B7=0),"",C7/B7)
B8: =IF(A8="","",COUNTIF(Funcionários!$A$5:$A$34,A8)) | C8: =IF(A8="","",SUMIF(Funcionários!$A$5:$A$34,A8,Funcionários!$I$5:$I$34)) | D8: =IF(OR(A8="",B8=0),"",C8/B8)
B9: =IF(A9="","",COUNTIF(Funcionários!$A$5:$A$34,A9)) | C9: =IF(A9="","",SUMIF(Funcionários!$A$5:$A$34,A9,Funcionários!$I$5:$I$34)) | D9: =IF(OR(A9="",B9=0),"",C9/B9)
B10: =IF(A10="","",COUNTIF(Funcionários!$A$5:$A$34,A10)) | C10: =IF(A10="","",SUMIF(Funcionários!$A$5:$A$34,A10,Funcionários!$I$5:$I$34)) | D10: =IF(OR(A10="",B10=0),"",C10/B10)
B11: =IF(A11="","",COUNTIF(Funcionários!$A$5:$A$34,A11)) | C11: =IF(A11="","",SUMIF(Funcionários!$A$5:$A$34,A11,Funcionários!$I$5:$I$34)) | D11: =IF(OR(A11="",B11=0),"",C11/B11)
B12: =IF(A12="","",COUNTIF(Funcionários!$A$5:$A$34,A12)) | C12: =IF(A12="","",SUMIF(Funcionários!$A$5:$A$34,A12,Funcionários!$I$5:$I$34)) | D12: =IF(OR(A12="",B12=0),"",C12/B12)
B13: =IF(A13="","",COUNTIF(Funcionários!$A$5:$A$34,A13)) | C13: =IF(A13="","",SUMIF(Funcionários!$A$5:$A$34,A13,Funcionários!$I$5:$I$34)) | D13: =IF(OR(A13="",B13=0),"",C13/B13)
B14: =IF(A14="","",COUNTIF(Funcionários!$A$5:$A$34,A14)) | C14: =IF(A14="","",SUMIF(Funcionários!$A$5:$A$34,A14,Funcionários!$I$5:$I$34)) | D14: =IF(OR(A14="",B14=0),"",C14/B14)
B15: =IF(A15="","",COUNTIF(Funcionários!$A$5:$A$34,A15)) | C15: =IF(A15="","",SUMIF(Funcionários!$A$5:$A$34,A15,Funcionários!$I$5:$I$34)) | D15: =IF(OR(A15="",B15=0),"",C15/B15)
B16: =IF(A16="","",COUNTIF(Funcionários!$A$5:$A$34,A16)) | C16: =IF(A16="","",SUMIF(Funcionários!$A$5:$A$34,A16,Funcionários!$I$5:$I$34)) | D16: =IF(OR(A16="",B16=0),"",C16/B16)
B17: =IF(A17="","",COUNTIF(Funcionários!$A$5:$A$34,A17)) | C17: =IF(A17="","",SUMIF(Funcionários!$A$5:$A$34,A17,Funcionários!$I$5:$I$34)) | D17: =IF(OR(A17="",B17=0),"",C17/B17)
B18: =IF(A18="","",COUNTIF(Funcionários!$A$5:$A$34,A18)) | C18: =IF(A18="","",SUMIF(Funcionários!$A$5:$A$34,A18,Funcionários!$I$5:$I$34)) | D18: =IF(OR(A18="",B18=0),"",C18/B18)
A19: TOTAL GERAL | B19: =SUM(B4:B18) | C19: =SUM(C4:C18)
